Model Name,Loss,Accuracy,Precision,Recall,F1-Score,IoU
Attention_UNet,0.030487075448036194,0.99029541015625,0.9123450669310857,0.818405,0.8628256,0.852303
