Model Name,Loss,Accuracy,Precision,Recall,F1-Score,IoU
Inception_resnetV2_Unet_616,0.037512991577386856,0.9881472380264945,0.8630450835968417,0.8108445,0.8361308,0.8223984
