Model Name,Accuracy,Macro Precision,Macro Recall,Macro F1-Score,Weighted Precision,Weighted Recall,Weighted F1-Score,Loss
original_vit_v2,0.9932603201347936,0.9925650557620818,0.9941348973607038,0.9932590560438945,0.9934607567107104,0.9932603201347936,0.9932711875431199,0.010118517093360424
