Model Name,Loss,Accuracy,Precision,Recall,F1-Score,IoU
Multi_resUnet_1500_v2,0.050235629081726074,0.9903199569038723,0.9087480850060887,0.82308364,0.8637971,0.8556744
