Model Name,Accuracy,Macro Precision,Macro Recall,Macro F1-Score,Weighted Precision,Weighted Recall,Weighted F1-Score,Loss
parallel_vit_dropout_changed,0.9991575400168492,0.9992138364779874,0.9990421455938697,0.9991264527634622,0.9991601892620792,0.9991575400168492,0.9991573948683038,0.0026908761356025934
