Model Name,Accuracy,Macro Precision,Macro Recall,Macro F1-Score,Weighted Precision,Weighted Recall,Weighted F1-Score,Loss
InceptionV3,0.837904468412943,0.8416184519895764,0.8238905708745575,0.830269129539647,0.840620242382708,0.837904468412943,0.8379333936092022,0.6119816899299622
