Model Name,Loss,Accuracy,Precision,Recall,F1-Score,IoU
TransUNet_2500_v2_batch10,0.046732693910598755,0.9903106689453125,0.9153821579746027,0.8155765,0.8626019,0.875314
