Model Name,Loss,Accuracy,Precision,Recall,F1-Score,IoU
Vgg16_unet_616,0.040287286043167114,0.9883601976477582,0.8631480090157776,0.81749773,0.83970284,0.8164793
