Model Name,Accuracy,Macro Precision,Macro Recall,Macro F1-Score,Weighted Precision,Weighted Recall,Weighted F1-Score,Loss
ensemble2,0.9966301600673968,0.9966818724883241,0.9969564372739299,0.9968132170699299,0.996642640956036,0.9966301600673968,0.9966306258762906,0.009336859919130802
