,precision,recall,f1-score,support
0,0.9970760233918129,1.0,0.9985358711566619,341.0
1,1.0,0.996268656716418,0.9981308411214954,268.0
2,1.0,1.0,1.0,317.0
3,1.0,1.0,1.0,261.0
accuracy,0.9991575400168492,0.9991575400168492,0.9991575400168492,0.9991575400168492
macro avg,0.9992690058479532,0.9990671641791045,0.9991666780695393,1187.0
weighted avg,0.9991600033501332,0.9991575400168492,0.999157369406051,1187.0
