model_name,test_loss,test_accuracy,test_f1_score
parallel_vit_dropout_changed,0.002687037456780672,0.9991575479507446,0.9992300271987915
