Model Name,Loss,Accuracy,Precision,Recall,F1-Score,IoU
deep_ResUNet_2500_batch10,0.03468848764896393,0.9904247781504756,0.9019317350983184,0.83391744,0.8665921,0.8876834
