Model Name,Accuracy,Macro Precision,Macro Recall,Macro F1-Score,Weighted Precision,Weighted Recall,Weighted F1-Score,Loss
InceptionV3_v4,0.9482280431432973,0.9507734884804665,0.9438847976588391,0.9470796739151719,0.9486156533738409,0.9482280431432973,0.948182063817454,0.22547513246536255
