Model Name,Accuracy,Macro Precision,Macro Recall,Macro F1-Score,Weighted Precision,Weighted Recall,Weighted F1-Score,Loss
Xception_v2,0.9488443759630201,0.9502394566460511,0.9419565628092708,0.945788203251515,0.9493663396150724,0.9488443759630201,0.9488489333907881,0.22652758657932281
