Model Name,Accuracy,Macro Precision,Macro Recall,Macro F1-Score,Weighted Precision,Weighted Recall,Weighted F1-Score,Loss
MobileNet,0.9839932603201348,0.9836602481364874,0.9831495164317288,0.9833542855104593,0.984035724258431,0.9839932603201348,0.9839662427303101,0.06287240982055664
