Model Name,Accuracy,Macro Precision,Macro Recall,Macro F1-Score,Weighted Precision,Weighted Recall,Weighted F1-Score,Loss
MobileNet,0.9519797809604044,0.956646362279169,0.9487611384225759,0.9509999832032113,0.954120081383164,0.9519797809604044,0.9513879549399523,0.12771454453468323
