Model Name,Accuracy,Macro Precision,Macro Recall,Macro F1-Score,Weighted Precision,Weighted Recall,Weighted F1-Score,Loss
original_vit_v3,0.9721988205560236,0.9727105040570843,0.9711629099589189,0.971853714449206,0.9723032988634465,0.9721988205560236,0.9721734014366389,0.08300571888685226
