Model Name,Accuracy,Macro Precision,Macro Recall,Macro F1-Score,Weighted Precision,Weighted Recall,Weighted F1-Score,Loss
parallelViT,0.9399075500770416,0.9421517385097571,0.9393137127077289,0.9404862628742688,0.9402186805324203,0.9399075500770416,0.9398828984401362,0.29547232389450073
