Model Name,Loss,Accuracy,Precision,Recall,F1-Score,IoU
DeepLabv3Plus,0.03500675782561302,0.990505716075068,0.8976427269966596,0.8413534,0.868587,0.8789497
