Model Name,Accuracy,Macro Precision,Macro Recall,Macro F1-Score,Weighted Precision,Weighted Recall,Weighted F1-Score,Loss
DenseNet121,0.9983150800336984,0.9983126636968056,0.9983340263491924,0.9983215609781865,0.9983182955298172,0.9983150800336984,0.9983150980989935,0.008550519123673439
