model_name,test_loss,test_accuracy,test_f1_score
Xception,0.004672387149184942,0.9983150362968445,0.9981091022491455
