Model Name,Accuracy,Macro Precision,Macro Recall,Macro F1-Score,Weighted Precision,Weighted Recall,Weighted F1-Score,Loss
Xception,0.9983150800336984,0.9981481481481481,0.9980842911877394,0.9981090935087218,0.9983275609223377,0.9983150800336984,0.9983149716244928,0.004672387149184942
