Model Name,Loss,Accuracy,Precision,Recall,F1-Score,IoU
Multi_resUnet_616,0.09689285606145859,0.9878168520720109,0.8425310865355029,0.82808244,0.8352442,0.8320875
