Model Name,Accuracy,Macro Precision,Macro Recall,Macro F1-Score,Weighted Precision,Weighted Recall,Weighted F1-Score,Loss
MobileNet,0.9646166807076664,0.9658385845797909,0.9636911914549737,0.9644235496165728,0.9650632368169313,0.9646166807076664,0.9645001556804854,0.09278032928705215
