Model Name,Loss,Accuracy,Precision,Recall,F1-Score,IoU
deep_ResUNet_1500_batch10,0.03317691758275032,0.9903630795686141,0.9015237618231203,0.83252984,0.8656542,0.8604207
