Model Name,Accuracy,Macro Precision,Macro Recall,Macro F1-Score,Weighted Precision,Weighted Recall,Weighted F1-Score,Loss
original_vit,0.8924499229583975,0.8972406783802419,0.886578535476634,0.8915364284939459,0.8928600712818604,0.8924499229583975,0.8923934699817742,0.3877319395542145
