Model Name,Loss,Accuracy,Precision,Recall,F1-Score,IoU
Attention_UNet_616,0.03722791746258736,0.9891642694887908,0.8899863094073929,0.80951023,0.8478428,0.8255151
