Model Name,Accuracy,Macro Precision,Macro Recall,Macro F1-Score,Weighted Precision,Weighted Recall,Weighted F1-Score,Loss
Ensemble2_filter7,0.9254237288135593,0.924991297800456,0.9181733898392811,0.9213177069649389,0.9256422527986471,0.9254237288135593,0.9253909499092429,0.30548524856567383
