Model Name,Accuracy,Macro Precision,Macro Recall,Macro F1-Score,Weighted Precision,Weighted Recall,Weighted F1-Score,Loss
Ensemble3,0.9189522342064715,0.9224644103727702,0.908603492411875,0.9151273895839263,0.9190607004054536,0.9189522342064715,0.9187018106316894,0.2831500470638275
