Model Name,Accuracy,Macro Precision,Macro Recall,Macro F1-Score,Weighted Precision,Weighted Recall,Weighted F1-Score,Loss
original_vit_v2,0.8942989214175655,0.8916854475738434,0.887282663230131,0.8889963794800066,0.8944360376466516,0.8942989214175655,0.8940825964833128,0.5133115649223328
