model_name,test_loss,test_accuracy,test_f1_score
original_vit_v2,0.5133115649223328,0.8942989110946655,0.8908645510673523
