Model Name,Loss,Accuracy,Precision,Recall,F1-Score,IoU
Vgg16_unet1500_v3,0.03533362224698067,0.9897023076596467,0.8953730154103267,0.81965023,0.85583985,0.8444742
