Model Name,Accuracy,Macro Precision,Macro Recall,Macro F1-Score,Weighted Precision,Weighted Recall,Weighted F1-Score,Loss
Xception,0.9423728813559322,0.9463348451601103,0.9317147837020742,0.9385893532678999,0.9429257822602349,0.9423728813559322,0.9423441938673841,0.2583909034729004
