Model Name,Accuracy,Macro Precision,Macro Recall,Macro F1-Score,Weighted Precision,Weighted Recall,Weighted F1-Score,Loss
InceptionV3,0.9932603201347936,0.9940206940256108,0.9924872762623663,0.9932028800712843,0.9933629260243109,0.9932603201347936,0.9932592720652879,0.02064693532884121
