Model Name,Accuracy,Macro Precision,Macro Recall,Macro F1-Score,Weighted Precision,Weighted Recall,Weighted F1-Score,Loss
DenseNet121,0.9974726200505476,0.9974171539961014,0.9972956476546164,0.9973481165901463,0.9974875642724709,0.9974726200505476,0.9974724629260987,0.012620423920452595
