Model Name,Accuracy,Macro Precision,Macro Recall,Macro F1-Score,Weighted Precision,Weighted Recall,Weighted F1-Score,Loss
DenseNet121,0.9949452401010952,0.9950316633526411,0.9948105433527096,0.9949089267583482,0.9949766766698017,0.9949452401010952,0.9949478800390962,0.011891588568687439
