Model Name,Accuracy,Macro Precision,Macro Recall,Macro F1-Score,Weighted Precision,Weighted Recall,Weighted F1-Score,Loss
original_vit,0.9890480202190396,0.989051140118969,0.98879109999483,0.9889133134377215,0.9890532473129536,0.9890480202190396,0.9890425654709373,0.03938847780227661
