Model Name,Loss,Accuracy,Precision,Recall,F1-Score,IoU
DeepLabv3Plus_RESNET101_616,0.03687331825494766,0.9891569718070652,0.8633107948021651,0.84266984,0.85286546,0.8296528
