Model Name,Loss,Accuracy,Precision,Recall,F1-Score,IoU
Vgg16_unet_2500_v5,0.03551732376217842,0.9894959822944973,0.8913397425957513,0.818067,0.8531329,0.8685237
