Model Name,Accuracy,Macro Precision,Macro Recall,Macro F1-Score,Weighted Precision,Weighted Recall,Weighted F1-Score,Loss
Xception,0.926040061633282,0.916280151159897,0.9202149643983104,0.9173577440123686,0.9267685575954228,0.926040061633282,0.9258871838340662,0.31121551990509033
