Model Name,Loss,Accuracy,Precision,Recall,F1-Score,IoU
Inception_resnetV2_Unet_v2,0.03501100465655327,0.9894720989724864,0.885432589422195,0.8243645,0.85380787,0.84385633
