Model Name,Loss,Accuracy,Precision,Recall,F1-Score,IoU
DeepLabv3Plus_1500_RESNET101,0.031943343579769135,0.9909031080163043,0.8965903364873188,0.85464215,0.8751138,0.85550684
