Model Name,Loss,Accuracy,Precision,Recall,F1-Score,IoU
DeepLabv3Plus_2500_RESNET101,0.03784414380788803,0.9910543690557065,0.9095719187930142,0.8440396,0.8755812,0.8735113
