Model Name,Accuracy,Macro Precision,Macro Recall,Macro F1-Score,Weighted Precision,Weighted Recall,Weighted F1-Score,Loss
original_vit_v2,0.9559322033898305,0.9563712732461893,0.9553087335873838,0.9556883077444922,0.9562930664284061,0.9559322033898305,0.9559766003722099,0.17704835534095764
