Model Name,Accuracy,Macro Precision,Macro Recall,Macro F1-Score,Weighted Precision,Weighted Recall,Weighted F1-Score,Loss
Densenet121_v4,0.9596302003081664,0.9573323786807385,0.9551312766177452,0.9559523319087122,0.9600915878415647,0.9596302003081664,0.9596687830113285,0.1661178320646286
