Model Name,Accuracy,Macro Precision,Macro Recall,Macro F1-Score,Weighted Precision,Weighted Recall,Weighted F1-Score,Loss
parallelViT,0.9041602465331279,0.895722249390228,0.9016968853615251,0.8972671502034468,0.9071337032980227,0.9041602465331279,0.904671196254558,0.5695897936820984
