Model Name,Accuracy,Macro Precision,Macro Recall,Macro F1-Score,Weighted Precision,Weighted Recall,Weighted F1-Score,Loss
DenseNet121,0.9432973805855162,0.9400355535977075,0.938561799607728,0.9392393796117612,0.9433892955040546,0.9432973805855162,0.9432934510955976,0.22075971961021423
