Model Name,Loss,Accuracy,Precision,Recall,F1-Score,IoU
Inception_resnetV2_Unet_2500_v2,0.033887118101119995,0.9906032396399457,0.9010395803528851,0.84032166,0.86962205,0.87140775
