Model Name,Accuracy,Macro Precision,Macro Recall,Macro F1-Score,Weighted Precision,Weighted Recall,Weighted F1-Score,Loss
Xception,0.995787700084246,0.9955373658897522,0.9954354445455669,0.9954568382349437,0.995839905799073,0.995787700084246,0.9957872148159689,0.008479025214910507
