Model Name,Accuracy,Macro Precision,Macro Recall,Macro F1-Score,Weighted Precision,Weighted Recall,Weighted F1-Score,Loss
MobileNet_v4,0.824653312788906,0.8354457169795414,0.8062234755947343,0.8166881097434869,0.8303187462667988,0.824653312788906,0.8245488056598914,0.6545207500457764
