Model Name,Loss,Accuracy,Precision,Recall,F1-Score,IoU
DeepLabv3Plus_2500,0.0396474227309227,0.9908792246942935,0.9100442247156293,0.8382936,0.8726965,0.8823651
