Model Name,Loss,Accuracy,Precision,Recall,F1-Score,IoU
Multi_resUnet_2500_v2,0.04853907972574234,0.9904134999150815,0.9463098724004532,0.7876292,0.85970867,0.877576
