mean_auc,lower_95ci,upper_95ci
0.9999753632631271,0.9999292933581672,1.0
