Model Name,Loss,Accuracy,Precision,Recall,F1-Score,IoU
deep_ResUNet_616,0.03930461034178734,0.9888239321501359,0.8715760859305685,0.82134026,0.8457128,0.8241874
