Model Name,Loss,Accuracy,Precision,Recall,F1-Score,IoU
TransUNet1500_batch10,0.03555932268500328,0.9906171715777853,0.9363564701489441,0.8029815,0.8645553,0.8258014
