Model Name,Accuracy,Macro Precision,Macro Recall,Macro F1-Score,Weighted Precision,Weighted Recall,Weighted F1-Score,Loss
InceptionV3,0.966301600673968,0.9692618128725166,0.965215747587376,0.9668953498396772,0.9669061152548551,0.966301600673968,0.9662678052750092,0.10329075157642365
