Model Name,Accuracy,Macro Precision,Macro Recall,Macro F1-Score,Weighted Precision,Weighted Recall,Weighted F1-Score,Loss
parallel_vit,0.9814658803706824,0.9817467131591618,0.9806393935445873,0.9811324720747424,0.9815671644780194,0.9814658803706824,0.9814555828439865,0.04104933887720108
