Model Name,Accuracy,Macro Precision,Macro Recall,Macro F1-Score,Weighted Precision,Weighted Recall,Weighted F1-Score,Loss
MobileNet,0.9325115562403699,0.9371770722982231,0.919593868033023,0.927870309854288,0.9329866252518347,0.9325115562403699,0.9324496808406083,0.3055797815322876
