Model Name,Accuracy,Macro Precision,Macro Recall,Macro F1-Score,Weighted Precision,Weighted Recall,Weighted F1-Score,Loss
parallel_vit_ap01,0.9371340523882897,0.9331182993933701,0.9368296508497197,0.9345312239017376,0.9378412516553218,0.9371340523882897,0.9371574049925094,0.24734142422676086
