Model Name,Loss,Accuracy,Precision,Recall,F1-Score,IoU
TransUNet_616_batch15,0.2845250368118286,0.9873590884001359,0.8602283963782306,0.78928363,0.8232303,0.81588495
