Model Name,Accuracy,Macro Precision,Macro Recall,Macro F1-Score,Weighted Precision,Weighted Recall,Weighted F1-Score,Loss
Ensemble2_v4,0.9226502311248074,0.9205763171560128,0.9198099406926249,0.9197415482019925,0.9233029934033937,0.9226502311248074,0.9226064927386608,0.2713548243045807
