Model Name,Loss,Accuracy,Precision,Recall,F1-Score,IoU
Attention_UNet_2500,0.03260190039873123,0.9904745350713315,0.9129911392654866,0.8230125,0.8656699,0.88622767
