Model Name,Accuracy,Macro Precision,Macro Recall,Macro F1-Score,Weighted Precision,Weighted Recall,Weighted F1-Score,Loss
DenseNet121,0.9038520801232666,0.9091903720467237,0.9006743363122746,0.9040454188279973,0.9054115186334325,0.9038520801232666,0.903805779594609,0.3166421353816986
