Model Name,Loss,Accuracy,Precision,Recall,F1-Score,IoU
DeepLabv3Plus_ResNet50_616,0.03854669630527496,0.988491555918818,0.8691118371068227,0.8139932,0.84065,0.828027
