Model Name,Accuracy,Macro Precision,Macro Recall,Macro F1-Score,Weighted Precision,Weighted Recall,Weighted F1-Score,Loss
MobileNet,0.887211093990755,0.8946820921501346,0.8723756614565693,0.8823049862091387,0.8892672875579897,0.887211093990755,0.887453451301326,0.43793249130249023
