model_name,test_loss,test_accuracy,test_f1_score
MobileNet,0.43793249130249023,0.8872110843658447,0.8823050260543823
