Model Name,Accuracy,Macro Precision,Macro Recall,Macro F1-Score,Weighted Precision,Weighted Recall,Weighted F1-Score,Loss
Ensemble2,0.9423728813559322,0.9413006837016359,0.94090280336349,0.9407684826683886,0.9431784294132088,0.9423728813559322,0.9425146740751285,0.2037445306777954
